PSD_Area,Morphology,GluA2_Area,#_Cluster,timepoint,condition,GluA2_Area_per_cluster,PSD_Area_per_cluster
0.306,0,0.238,1,0,Control,0.238,0.306
0.376,0,0.154,2,0,Control,0.077,0.188
0.128,0,0.019,2,0,Control,0.0095,0.064
0.102,0,0.063,1,0,Control,0.063,0.102
0.068,0,0.051,2,0,Control,0.0255,0.034
0.105,0,0.049,2,0,Control,0.0245,0.0525
0.081,0,0.02,1,0,Control,0.02,0.081
0.071,0,0.018,1,0,Control,0.018,0.071
0.067,0,0.018,1,0,Control,0.018,0.067
0.06,0,0.03,1,0,Control,0.03,0.06
0.157,0,0.095,1,0,Control,0.095,0.157
0.121,0,0.033,2,0,Control,0.0165,0.0605
0.068,0,0.065,1,0,Control,0.065,0.068
0.119,0,0.021,2,0,Control,0.0105,0.0595
0.078,0,0.101,1,0,Control,0.101,0.078
0.099,0,0.094,1,0,Control,0.094,0.099
0.124,0,0.104,1,0,Control,0.104,0.124
0.204,0,0.118,1,0,Control,0.118,0.204
0.188,0,0.064,1,0,Control,0.064,0.188
0.214,0,0.147,1,0,Control,0.147,0.214
0.16,0,0.053,1,0,Control,0.053,0.16
0.202,0,0.006,1,0,Control,0.006,0.202
0.102,0,0.032,1,0,Control,0.032,0.102
0.18,0,0.133,1,0,Control,0.133,0.18
0.06,0,0.125,1,0,Control,0.125,0.06
0.099,0,0.009,1,0,Control,0.009,0.099
0.168,0,0.102,1,0,Control,0.102,0.168
0.048,0,0.034,1,0,Control,0.034,0.048
0.11,0,0.027,1,0,Control,0.027,0.11
0.096,0,0.096,1,0,Control,0.096,0.096
0.163,1,0.047,2,0,Control,0.0235,0.0815
0.136,0,0.025,1,0,Control,0.025,0.136
0.319,0,0.037,2,0,Control,0.0185,0.1595
0.356,0,0.091,3,0,Control,0.030333333333333334,0.11866666666666666
0.201,0,0.0139999999999999,2,0,Control,0.00699999999999995,0.1005
0.291,1,0.086,1,0,Control,0.086,0.291
0.342,0,0.15,1,0,Control,0.15,0.342
0.216,0,0.08,1,0,Control,0.08,0.216
0.203,0,0.028,1,0,Control,0.028,0.203
0.23,0,0.034,1,0,Control,0.034,0.23
0.218,0,0.008,1,0,Control,0.008,0.218
0.238,0,0.069,3,0,Control,0.023000000000000003,0.07933333333333333
0.206,0,0.003,1,0,Control,0.003,0.206
0.561,3,0.054,2,0,Control,0.027,0.2805
0.511,2,0.123,3,0,Control,0.041,0.17033333333333334
0.382,0,0.009,1,0,Control,0.009,0.382
0.302,0,0.107,1,0,Control,0.107,0.302
0.118,0,0.027,2,0,Control,0.0135,0.059
0.2,0,0.021,1,0,Control,0.021,0.2
0.17,0,0.016,1,0,Control,0.016,0.17
0.155,0,0.076,1,0,Control,0.076,0.155
0.167,0,0.004,1,0,Control,0.004,0.167
0.191,0,0.005,2,0,Control,0.0025,0.0955
0.18,0,0.038,1,0,Control,0.038,0.18
0.243,1,0.008,2,0,Control,0.004,0.1215
0.157,0,0.003,1,0,Control,0.003,0.157
0.174,0,0.066,1,0,Control,0.066,0.174
0.08,0,0.043,1,0,Control,0.043,0.08
0.194,0,0.014,1,0,Control,0.014,0.194
0.555,0,0.137,2,0,Control,0.0685,0.2775
0.323,0,0.029,1,0,Control,0.029,0.323
0.61,1,0.177,3,0,Control,0.059,0.20333333333333334
0.151,0,0.002,1,0,Control,0.002,0.151
0.128,0,0.053,1,0,Control,0.053,0.128
0.238,0,0.002,1,0,Control,0.002,0.238
0.211,0,0.023,1,0,Control,0.023,0.211
0.233,0,0.003,1,0,Control,0.003,0.233
0.178,0,0.046,1,0,Control,0.046,0.178
0.194,0,0.024,1,0,Control,0.024,0.194
0.172,0,0.048,1,0,Control,0.048,0.172
0.196,0,0.046,2,0,Control,0.023,0.098
0.174,0,0.012,1,0,Control,0.012,0.174
0.266,0,0.0549999999999999,2,0,Control,0.02749999999999995,0.133
0.357,0,0.082,1,0,Control,0.082,0.357
0.576,0,0.018,2,0,Control,0.009,0.288
0.334,0,0.012,2,0,Control,0.006,0.167
0.417,0,0.015,1,0,Control,0.015,0.417
0.264,0,0.003,1,0,Control,0.003,0.264
0.324,0,0.102,3,0,Control,0.033999999999999996,0.108
0.297,0,0.024,3,0,Control,0.008,0.09899999999999999
0.124,0,0.003,1,0,Control,0.003,0.124
0.355,0,0.029,2,0,Control,0.0145,0.1775
0.291,2,0.074,1,0,Control,0.074,0.291
0.181,0,0.156,1,0,Control,0.156,0.181
0.189,0,0.041,1,0,Control,0.041,0.189
0.187,0,0.087,1,0,Control,0.087,0.187
0.401,1,0.26,1,0,Control,0.26,0.401
0.274,0,0.26,1,0,Control,0.26,0.274
0.123,0,0.016,2,0,Control,0.008,0.0615
0.199,0,0.154,1,0,Control,0.154,0.199
0.235,0,0.171,1,0,Control,0.171,0.235
0.133,0,0.122,1,0,Control,0.122,0.133
0.186,0,0.005,1,0,Control,0.005,0.186
0.475,2,0.101,3,0,Control,0.03366666666666667,0.15833333333333333
0.324,0,0.209,3,0,Control,0.06966666666666667,0.108
0.17,0,0.136,1,0,Control,0.136,0.17
0.197,0,0.063,1,0,Control,0.063,0.197
0.142,0,0.031,1,0,Control,0.031,0.142
0.2,2,0.087,1,0,Control,0.087,0.2
0.384,0,0.275,1,0,Control,0.275,0.384
0.391,0,0.098,2,0,Control,0.049,0.1955
0.119,0,0.037,1,0,Control,0.037,0.119
0.328,0,0.068,1,0,Control,0.068,0.328
0.306,2,0.0248,1,0,Control,0.0248,0.306
0.177,0,0.011,1,0,Control,0.011,0.177
0.477,1,0.293,2,0,Control,0.1465,0.2385
0.209,0,0.083,1,0,Control,0.083,0.209
0.196,0,0.022,1,0,Control,0.022,0.196
0.492,0,0.153,2,0,Control,0.0765,0.246
0.134,0,0.0082,1,0,Control,0.0082,0.134
0.224,0,0.008,1,0,Control,0.008,0.224
0.287,0,0.0297999999999999,2,0,Control,0.01489999999999995,0.1435
0.241,0,0.081,1,0,Control,0.081,0.241
0.147,0,0.048,1,0,Control,0.048,0.147
0.389,0,0.077,2,0,Control,0.0385,0.1945
0.542,0,0.293,1,0,Control,0.293,0.542
0.292,0,0.266,1,0,Control,0.266,0.292
0.409,0,0.046,1,0,Control,0.046,0.409
0.178,0,0.038,1,0,Control,0.038,0.178
0.477,0,0.035,2,0,Control,0.0175,0.2385
0.326,0,0.041,2,0,Control,0.0205,0.163
0.189,0,0.012,1,0,Control,0.012,0.189
0.207,0,0.094,1,0,Control,0.094,0.207
0.93,1,0.157,2,0,Control,0.0785,0.465
0.323,0,0.183,1,0,Control,0.183,0.323
0.253,0,0.01,1,0,Control,0.01,0.253
0.547,1,0.172,3,0,Control,0.057333333333333326,0.18233333333333335
0.155,0,0.021,1,0,Control,0.021,0.155
0.298,0,0.011,1,0,Control,0.011,0.298
0.212,0,0.144,1,0,Control,0.144,0.212
0.137,0,0.029,1,0,Control,0.029,0.137
0.26,0,0.027,1,0,Control,0.027,0.26
0.136,0,0.063,1,0,Control,0.063,0.136
0.156,0,0.052,1,0,Control,0.052,0.156
0.318,2,0.086,1,0,Control,0.086,0.318
0.138,0,0.06,1,0,Control,0.06,0.138
0.287,2,0.013,1,0,Control,0.013,0.287
0.154,0,0.07,1,0,Control,0.07,0.154
0.126,0,0.082,1,0,Control,0.082,0.126
0.146,0,0.02,1,0,Control,0.02,0.146
0.162,0,0.047,1,0,Control,0.047,0.162
0.189,0,0.163,1,0,Control,0.163,0.189
0.346,2,0.147,3,0,Control,0.048999999999999995,0.11533333333333333
0.359,2,0.3,1,0,Control,0.3,0.359
0.177,0,0.087,1,0,Control,0.087,0.177
0.131,0,0.065,1,0,Control,0.065,0.131
0.308,0,0.14,1,0,Control,0.14,0.308
0.22,0,0.028,1,0,Control,0.028,0.22
0.304,0,0.074,1,0,Control,0.074,0.304
0.334,1,0.186,1,0,Control,0.186,0.334
0.115,1,0.135,1,0,Control,0.135,0.115
0.293,0,0.18,1,0,Control,0.18,0.293
0.257,2,0.341,2,0,Control,0.1705,0.1285
0.4,0,0.103,3,0,Control,0.034333333333333334,0.13333333333333333
0.148,2,0.09,1,0,Control,0.09,0.148
0.385,1,0.263,1,0,Control,0.263,0.385
0.264,0,0.25,1,0,Control,0.25,0.264
0.41,0,0.241,3,0,Control,0.08033333333333333,0.13666666666666666
0.149,0,0.088,1,0,Control,0.088,0.149
0.238,0,0.132,1,0,Control,0.132,0.238
0.18,0,0.11,1,0,Control,0.11,0.18
0.541,2,0.225,3,0,Control,0.075,0.18033333333333335
0.208,0,0.022,1,0,Control,0.022,0.208
0.136,0,0.056,2,0,Control,0.028,0.068
0.579,0,0.391,1,0,Control,0.391,0.579
0.2,0,0.048,1,0,Control,0.048,0.2
0.33,2,0.035,1,0,Control,0.035,0.33
0.156,0,0.054,1,0,Control,0.054,0.156
0.166,0,0.038,1,0,Control,0.038,0.166
0.067,0,0.016,1,0,Control,0.016,0.067
0.289,0,0.165,1,30,Control,0.165,0.289
0.19,0,0.048,1,30,Control,0.048,0.19
0.263,0,0.155,1,30,Control,0.155,0.263
0.502,1,0.226,1,30,Control,0.226,0.502
0.235,0,0.087,3,30,Control,0.028999999999999998,0.07833333333333332
0.216,0,0.159,2,30,Control,0.0795,0.108
0.36,0,0.257,1,30,Control,0.257,0.36
0.151,0,0.131,1,30,Control,0.131,0.151
0.201,0,0.144,1,30,Control,0.144,0.201
0.184,0,0.07,1,30,Control,0.07,0.184
0.093,0,0.008,1,30,Control,0.008,0.093
0.068,0,0.009,1,30,Control,0.009,0.068
0.194,0,0.206,1,30,Control,0.206,0.194
0.184,0,0.105,2,30,Control,0.0525,0.092
0.14,0,0.112,1,30,Control,0.112,0.14
0.07,0,0.034,1,30,Control,0.034,0.07
0.116,0,0.162,1,30,Control,0.162,0.116
0.154,0,0.012,1,30,Control,0.012,0.154
0.05,0,0.039,1,30,Control,0.039,0.05
0.082,0,0.077,1,30,Control,0.077,0.082
0.08,0,0.025,1,30,Control,0.025,0.08
0.418,0,0.478,1,30,Control,0.478,0.418
0.153,2,0.012,1,30,Control,0.012,0.153
0.085,0,0.044,1,30,Control,0.044,0.085
0.12,0,0.12,1,30,Control,0.12,0.12
0.198,0,0.2,1,30,Control,0.2,0.198
0.373,2,0.25,1,30,Control,0.25,0.373
0.155,0,0.158,1,30,Control,0.158,0.155
0.227,0,0.026,2,30,Control,0.013,0.1135
0.188,0,0.056,1,30,Control,0.056,0.188
0.104,0,0.004,1,30,Control,0.004,0.104
0.167,0,0.068,1,30,Control,0.068,0.167
0.092,0,0.037,1,30,Control,0.037,0.092
0.147,0,0.039,1,30,Control,0.039,0.147
0.158,0,0.016,1,30,Control,0.016,0.158
0.307,0,0.008,3,30,Control,0.0026666666666666666,0.10233333333333333
0.445,2,0.205,1,30,Control,0.205,0.445
0.221,0,0.069,3,30,Control,0.023000000000000003,0.07366666666666667
0.149,0,0.01,1,30,Control,0.01,0.149
0.12,0,0.028,1,30,Control,0.028,0.12
0.163,0,0.062,1,30,Control,0.062,0.163
0.317,0,0.11,1,30,Control,0.11,0.317
0.276,1,0.048,2,30,Control,0.024,0.138
0.096,0,0.002,1,30,Control,0.002,0.096
0.203,0,0.012,1,30,Control,0.012,0.203
0.164,0,0.057,1,30,Control,0.057,0.164
0.178,0,0.007,2,30,Control,0.0035,0.089
0.165,0,0.014,1,30,Control,0.014,0.165
0.178,2,0.022,1,30,Control,0.022,0.178
0.081,0,0.105,1,30,Control,0.105,0.081
0.115,0,0.063,1,30,Control,0.063,0.115
0.104,0,0.001,1,30,Control,0.001,0.104
0.176,0,0.001,1,30,Control,0.001,0.176
0.145,0,0.02,1,30,Control,0.02,0.145
0.136,0,0.024,1,30,Control,0.024,0.136
0.13,0,0.033,3,30,Control,0.011000000000000001,0.043333333333333335
0.139,0,0.005,1,30,Control,0.005,0.139
0.146,0,0.022,1,30,Control,0.022,0.146
0.186,0,0.15,1,30,Control,0.15,0.186
0.191,0,0.036,1,30,Control,0.036,0.191
0.192,0,0.038,1,30,Control,0.038,0.192
0.14,0,0.11,1,30,Control,0.11,0.14
0.14,0,0.042,1,30,Control,0.042,0.14
0.338,2,0.096,3,30,Control,0.032,0.11266666666666668
0.232,0,0.076,1,30,Control,0.076,0.232
0.243,0,0.086,2,30,Control,0.043,0.1215
0.151,0,0.034,1,30,Control,0.034,0.151
0.261,1,0.039,2,30,Control,0.0195,0.1305
0.21,0,0.116,1,30,Control,0.116,0.21
0.301,0,0.212,1,30,Control,0.212,0.301
0.298,0,0.066,3,30,Control,0.022000000000000002,0.09933333333333333
0.193,0,0.076,2,30,Control,0.038,0.0965
0.172,0,0.041,1,30,Control,0.041,0.172
0.113,0,0.045,1,30,Control,0.045,0.113
0.167,0,0.064,1,30,Control,0.064,0.167
0.117,0,0.0399999999999999,1,30,Control,0.0399999999999999,0.117
0.196,2,0.09,2,30,Control,0.045,0.098
0.28,0,0.15,2,30,Control,0.075,0.14
0.374,0,0.198,1,30,Control,0.198,0.374
0.12,0,0.018,1,30,Control,0.018,0.12
0.2,0,0.04,2,30,Control,0.02,0.1
0.128,0,0.043,1,30,Control,0.043,0.128
0.109,0,0.083,1,30,Control,0.083,0.109
0.144,0,0.031,1,30,Control,0.031,0.144
0.168,2,0.005,1,30,Control,0.005,0.168
0.174,0,0.071,1,30,Control,0.071,0.174
0.101,0,0.052,1,30,Control,0.052,0.101
0.169,2,0.004,1,30,Control,0.004,0.169
0.387,0,0.089,2,30,Control,0.0445,0.1935
0.096,0,0.003,1,30,Control,0.003,0.096
0.34,0,0.1629999999999999,2,30,Control,0.08149999999999995,0.17
0.392,0,0.02,1,30,Control,0.02,0.392
0.086,0,0.006,1,30,Control,0.006,0.086
0.22,0,0.083,1,30,Control,0.083,0.22
0.136,0,0.04,1,30,Control,0.04,0.136
0.135,0,0.027,1,30,Control,0.027,0.135
0.216,2,0.0044,1,30,Control,0.0044,0.216
0.283,0,0.145,1,30,Control,0.145,0.283
0.175,0,0.034,1,30,Control,0.034,0.175
0.247,0,0.131,1,30,Control,0.131,0.247
0.142,0,0.038,1,30,Control,0.038,0.142
0.192,0,0.04,1,30,Control,0.04,0.192
0.347,0,0.097,2,30,Control,0.0485,0.1735
0.172,0,0.052,2,30,Control,0.026,0.086
0.33,0,0.072,1,30,Control,0.072,0.33
0.18,0,0.059,1,30,Control,0.059,0.18
0.23,0,0.108,1,30,Control,0.108,0.23
0.278,0,0.146,2,30,Control,0.073,0.139
0.094,0,0.002,1,30,Control,0.002,0.094
0.104,0,0.079,1,30,Control,0.079,0.104
0.217,0,0.131,1,30,Control,0.131,0.217
0.318,0,0.013,1,30,Control,0.013,0.318
0.452,0,0.213,1,30,Control,0.213,0.452
0.203,0,0.112,1,30,Control,0.112,0.203
0.231,0,0.011,2,30,Control,0.0055,0.1155
0.161,0,0.092,1,30,Control,0.092,0.161
0.088,0,0.024,1,30,Control,0.024,0.088
0.088,0,0.027,2,30,Control,0.0135,0.044
0.152,0,0.03,1,30,Control,0.03,0.152
0.279,0,0.248,2,30,Control,0.124,0.1395
0.246,0,0.101,2,30,Control,0.0505,0.123
0.362,0,0.1139999999999999,1,30,Control,0.1139999999999999,0.362
0.15,0,0.06,2,30,Control,0.03,0.075
0.098,2,0.144,2,30,Control,0.072,0.049
0.22,0,0.156,1,30,Control,0.156,0.22
0.283,0,0.17,1,30,Control,0.17,0.283
0.242,0,0.008,1,30,Control,0.008,0.242
0.282,0,0.045,2,30,Control,0.0225,0.141
0.087,0,0.1969999999999999,2,30,Control,0.09849999999999995,0.0435
0.371,0,0.048,1,30,Control,0.048,0.371
0.272,0,0.078,2,30,Control,0.039,0.136
0.262,0,0.065,2,30,Control,0.0325,0.131
0.648,3,0.112,2,30,Control,0.056,0.324
0.131,0,0.055,1,30,Control,0.055,0.131
0.665,0,0.171,4,30,Control,0.04275,0.16625
0.262,2,0.178,1,30,Control,0.178,0.262
0.266,0,0.042,1,30,Control,0.042,0.266
0.457,0,0.118,2,30,Control,0.059,0.2285
0.183,0,0.083,1,30,Control,0.083,0.183
0.208,0,0.028,1,30,Control,0.028,0.208
0.131,0,0.072,1,30,Control,0.072,0.131
0.39,0,0.21,2,30,Control,0.105,0.195
0.277,1,0.299,1,30,Control,0.299,0.277
0.312,0,0.278,1,30,Control,0.278,0.312
0.193,0,0.03,2,30,Control,0.015,0.0965
0.124,0,0.025,1,30,Control,0.025,0.124
0.156,0,0.058,1,30,Control,0.058,0.156
0.338,0,0.156,3,30,Control,0.052,0.11266666666666668
0.294,0,0.13,3,30,Control,0.043333333333333335,0.09799999999999999
0.17,0,0.028,1,30,Control,0.028,0.17
0.301,0,0.168,1,30,Control,0.168,0.301
0.21,0,0.09,1,30,Control,0.09,0.21
0.379,2,0.1699999999999999,3,30,Control,0.056666666666666636,0.12633333333333333
0.264,0,0.108,1,30,Control,0.108,0.264
0.294,0,0.087,2,30,Control,0.0435,0.147
0.341,0,0.147,2,30,Control,0.0735,0.1705
0.078,0,0.069,1,30,Control,0.069,0.078
0.612,1,0.374,3,30,Control,0.12466666666666666,0.204
0.56,1,0.285,2,30,Control,0.1425,0.28
0.135,0,0.082,1,30,Control,0.082,0.135
0.263,1,0.154,3,30,Control,0.051333333333333335,0.08766666666666667
0.245,0,0.181,3,30,Control,0.06033333333333333,0.08166666666666667
0.301,1,0.104,2,30,Control,0.052,0.1505
0.128,0,0.02,1,30,Control,0.02,0.128
0.304,0,0.13,2,30,Control,0.065,0.152
0.046,0,0.005,1,30,Control,0.005,0.046
0.122,0,0.062,1,30,Control,0.062,0.122
0.275,0,0.028,1,30,Control,0.028,0.275
0.043,0,0.009,1,30,Control,0.009,0.043
0.287,0,0.07,1,30,Control,0.07,0.287
0.261,0,0.043,2,30,Control,0.0215,0.1305
0.149,0,0.129,2,30,Control,0.0645,0.0745
0.269,0,0.158,1,30,Control,0.158,0.269
0.102,2,0.0409999999999999,3,30,Control,0.013666666666666633,0.033999999999999996
0.669,1,0.372,3,60,Control,0.124,0.223
0.09,0,0.069,1,60,Control,0.069,0.09
0.111,2,0.024,1,60,Control,0.024,0.111
0.191,0,0.038,1,60,Control,0.038,0.191
0.092,0,0.032,1,60,Control,0.032,0.092
0.138,0,0.0579999999999999,2,60,Control,0.02899999999999995,0.069
0.08,0,0.064,2,60,Control,0.032,0.04
0.11,0,0.033,1,60,Control,0.033,0.11
0.092,0,0.065,1,60,Control,0.065,0.092
0.11,0,0.009,1,60,Control,0.009,0.11
0.385,0,0.298,1,60,Control,0.298,0.385
0.127,0,0.097,1,60,Control,0.097,0.127
0.09,0,0.006,1,60,Control,0.006,0.09
0.347,2,0.264,3,60,Control,0.08800000000000001,0.11566666666666665
0.225,0,0.019,1,60,Control,0.019,0.225
0.111,0,0.018,1,60,Control,0.018,0.111
0.316,0,0.016,1,60,Control,0.016,0.316
0.092,0,0.075,1,60,Control,0.075,0.092
0.187,0,0.117,1,60,Control,0.117,0.187
0.196,0,0.077,1,60,Control,0.077,0.196
0.102,0,0.008,2,60,Control,0.004,0.051
0.306,0,0.242,1,60,Control,0.242,0.306
0.2339999999999999,2,0.203,2,60,Control,0.1015,0.11699999999999995
0.12,0,0.04,1,60,Control,0.04,0.12
0.163,0,0.0419999999999999,2,60,Control,0.02099999999999995,0.0815
0.767,1,0.461,3,60,Control,0.15366666666666667,0.25566666666666665
0.408,3,0.214,2,60,Control,0.107,0.204
0.311,2,0.168,1,60,Control,0.168,0.311
0.122,0,0.0028,1,60,Control,0.0028,0.122
0.13,0,0.028,1,60,Control,0.028,0.13
0.276,0,0.185,1,60,Control,0.185,0.276
0.124,0,0.071,2,60,Control,0.0355,0.062
0.183,0,0.104,1,60,Control,0.104,0.183
0.068,0,0.0209999999999999,2,60,Control,0.01049999999999995,0.034
0.141,0,0.093,1,60,Control,0.093,0.141
0.317,1,0.082,2,60,Control,0.041,0.1585
0.16,2,0.081,2,60,Control,0.0405,0.08
0.17,0,0.001,1,60,Control,0.001,0.17
0.224,0,0.312,1,60,Control,0.312,0.224
0.407,4,0.349,2,60,Control,0.1745,0.2035
0.204,0,0.057,1,60,Control,0.057,0.204
0.127,0,0.009,1,60,Control,0.009,0.127
0.148,0,0.018,2,60,Control,0.009,0.074
0.236,2,0.053,1,60,Control,0.053,0.236
0.537,1,0.281,3,60,Control,0.09366666666666668,0.17900000000000002
0.197,0,0.051,1,60,Control,0.051,0.197
0.084,0,0.001,1,60,Control,0.001,0.084
0.158,0,0.013,1,60,Control,0.013,0.158
0.072,0,0.087,1,60,Control,0.087,0.072
0.12,0,0.002,1,60,Control,0.002,0.12
0.437,0,0.0616,2,60,Control,0.0308,0.2185
0.228,0,0.025,1,60,Control,0.025,0.228
0.236,0,0.062,1,60,Control,0.062,0.236
0.144,0,0.0032,1,60,Control,0.0032,0.144
0.282,0,0.073,2,60,Control,0.0365,0.141
0.352,0,0.0036,1,60,Control,0.0036,0.352
0.2,0,0.059,3,60,Control,0.019666666666666666,0.06666666666666667
0.147,0,0.005,1,60,Control,0.005,0.147
0.185,0,0.084,1,60,Control,0.084,0.185
0.218,0,0.119,1,60,Control,0.119,0.218
0.187,0,0.0024,1,60,Control,0.0024,0.187
0.23,0,0.046,1,60,Control,0.046,0.23
0.31,0,0.014,1,60,Control,0.014,0.31
0.323,0,0.063,1,60,Control,0.063,0.323
0.305,2,0.082,1,60,Control,0.082,0.305
0.271,0,0.085,1,60,Control,0.085,0.271
0.206,1,0.096,1,60,Control,0.096,0.206
0.139,0,0.0272,2,60,Control,0.0136,0.0695
0.279,0,0.058,1,60,Control,0.058,0.279
0.204,0,0.0004,1,60,Control,0.0004,0.204
0.191,0,0.091,2,60,Control,0.0455,0.0955
0.126,0,0.002,1,60,Control,0.002,0.126
0.261,0,0.018,1,60,Control,0.018,0.261
0.184,0,0.048,1,60,Control,0.048,0.184
0.225,0,0.08,1,60,Control,0.08,0.225
0.161,0,0.067,1,60,Control,0.067,0.161
0.235,0,0.0018,1,60,Control,0.0018,0.235
0.422,0,0.0478,3,60,Control,0.015933333333333334,0.14066666666666666
0.218,0,0.062,1,60,Control,0.062,0.218
0.145,0,0.001,1,60,Control,0.001,0.145
0.255,0,0.033,1,60,Control,0.033,0.255
0.213,0,0.034,1,60,Control,0.034,0.213
0.205,0,0.002,1,60,Control,0.002,0.205
0.119,0,0.019,1,60,Control,0.019,0.119
0.194,0,0.061,1,60,Control,0.061,0.194
0.209,0,0.108,1,60,Control,0.108,0.209
0.287,0,0.221,1,60,Control,0.221,0.287
0.357,0,0.067,1,60,Control,0.067,0.357
0.37,0,0.21,2,60,Control,0.105,0.185
0.215,0,0.147,1,60,Control,0.147,0.215
0.141,0,0.054,1,60,Control,0.054,0.141
0.148,0,0.006,2,60,Control,0.003,0.074
0.358,0,0.058,2,60,Control,0.029,0.179
0.16,0,0.022,2,60,Control,0.011,0.08
0.094,0,0.002,1,60,Control,0.002,0.094
0.191,0,0.138,2,60,Control,0.069,0.0955
0.119,0,0.03,1,60,Control,0.03,0.119
0.135,0,0.05,1,60,Control,0.05,0.135
0.226,0,0.103,1,60,Control,0.103,0.226
0.12,0,0.024,1,60,Control,0.024,0.12
0.131,0,0.022,1,60,Control,0.022,0.131
0.106,0,0.015,1,60,Control,0.015,0.106
0.179,0,0.111,1,60,Control,0.111,0.179
0.308,0,0.139,2,60,Control,0.0695,0.154
0.094,0,0.008,1,60,Control,0.008,0.094
0.396,0,0.085,1,60,Control,0.085,0.396
0.078,0,0.03,1,60,Control,0.03,0.078
0.17,0,0.061,2,60,Control,0.0305,0.085
0.17,0,0.036,2,60,Control,0.018,0.085
0.051,0,0.019,2,60,Control,0.0095,0.0255
0.154,0,0.006,1,60,Control,0.006,0.154
0.219,0,0.0267999999999999,2,60,Control,0.01339999999999995,0.1095
0.212,0,0.144,1,60,Control,0.144,0.212
0.192,0,0.066,1,60,Control,0.066,0.192
0.223,0,0.048,2,60,Control,0.024,0.1115
0.422,1,0.318,1,60,Control,0.318,0.422
0.46,0,0.604,1,60,Control,0.604,0.46
0.132,0,0.122,2,60,Control,0.061,0.066
0.203,0,0.178,1,60,Control,0.178,0.203
0.139,2,0.066,1,60,Control,0.066,0.139
0.433,2,0.282,1,60,Control,0.282,0.433
0.242,0,0.167,2,60,Control,0.0835,0.121
0.166,0,0.0128,1,60,Control,0.0128,0.166
0.29,0,0.121,2,60,Control,0.0605,0.145
0.078,0,0.126,1,60,Control,0.126,0.078
0.23,2,0.0438,2,60,Control,0.0219,0.115
0.5,0,0.149,1,60,Control,0.149,0.5
0.165,0,0.098,1,60,Control,0.098,0.165
0.314,2,0.189,1,60,Control,0.189,0.314
0.2259999999999999,2,0.059,2,60,Control,0.0295,0.11299999999999995
0.345,0,0.067,3,60,Control,0.022333333333333334,0.11499999999999999
0.17,0,0.062,1,60,Control,0.062,0.17
0.239,0,0.055,2,60,Control,0.0275,0.1195
0.109,0,0.0139999999999999,1,60,Control,0.0139999999999999,0.109
0.107,0,0.065,1,60,Control,0.065,0.107
0.152,0,0.051,1,60,Control,0.051,0.152
0.145,1,0.066,1,60,Control,0.066,0.145
0.106,0,0.115,1,60,Control,0.115,0.106
0.358,0,0.134,1,60,Control,0.134,0.358
0.441,0,0.231,1,60,Control,0.231,0.441
0.096,0,0.08,1,60,Control,0.08,0.096
0.082,0,0.082,1,60,Control,0.082,0.082
0.351,0,0.114,1,60,Control,0.114,0.351
0.172,0,0.152,1,60,Control,0.152,0.172
0.252,0,0.139,2,60,Control,0.0695,0.126
0.164,0,0.112,1,60,Control,0.112,0.164
0.183,0,0.18,1,60,Control,0.18,0.183
0.15,2,0.115,1,60,Control,0.115,0.15
0.237,0,0.433,1,60,Control,0.433,0.237
0.175,0,0.202,2,60,Control,0.101,0.0875
0.324,0,0.151,2,60,Control,0.0755,0.162
0.18,0,0.039,1,60,Control,0.039,0.18
0.178,0,0.117,1,60,Control,0.117,0.178
0.15,0,0.052,1,60,Control,0.052,0.15
0.171,2,0.142,1,60,Control,0.142,0.171
0.052,0,0.023,1,60,Control,0.023,0.052
0.195,0,0.216,1,60,Control,0.216,0.195
0.193,2,0.155,2,60,Control,0.0775,0.0965
0.154,2,0.123,2,60,Control,0.0615,0.077
0.184,0,0.13,1,60,Control,0.13,0.184
0.188,0,0.142,2,60,Control,0.071,0.094
0.134,0,0.131,1,60,Control,0.131,0.134
0.121,0,0.053,1,60,Control,0.053,0.121
0.179,0,0.204,1,60,Control,0.204,0.179
0.272,0,0.229,1,60,Control,0.229,0.272
0.143,0,0.072,1,60,Control,0.072,0.143
0.169,0,0.171,1,60,Control,0.171,0.169
0.097,0,0.026,1,60,Control,0.026,0.097
0.08,0,0.026,1,60,Control,0.026,0.08
0.15,0,0.048,1,60,Control,0.048,0.15
0.124,2,0.068,1,60,Control,0.068,0.124
0.096,0,0.049,1,60,Control,0.049,0.096
0.082,0,0.036,1,60,Control,0.036,0.082
0.063,0,0.026,1,60,Control,0.026,0.063
0.138,0,0.096,1,60,Control,0.096,0.138
0.181,0,0.076,2,60,Control,0.038,0.0905
0.132,0,0.004,1,60,Control,0.004,0.132
0.083,2,0.05,1,60,Control,0.05,0.083
0.197,0,0.202,1,60,Control,0.202,0.197
0.254,0,0.197,1,60,Control,0.197,0.254
0.1,0,0.089,1,60,Control,0.089,0.1
0.167,0,0.142,1,60,Control,0.142,0.167
0.069,0,0.08,1,60,Control,0.08,0.069
0.082,0,0.074,1,60,Control,0.074,0.082
0.129,0,0.06,1,60,Control,0.06,0.129
0.562,1,0.178,3,60,Control,0.05933333333333333,0.18733333333333335
0.069,0,0.052,1,60,Control,0.052,0.069
0.118,0,0.046,1,60,Control,0.046,0.118
0.134,0,0.033,1,60,Control,0.033,0.134
0.17,0,0.178,1,60,Control,0.178,0.17
0.232,0,0.177,2,60,Control,0.0885,0.116
0.168,1,0.08,2,60,Control,0.04,0.084
0.196,0,0.106,1,60,Control,0.106,0.196
0.155,0,0.007,1,60,Control,0.007,0.155
0.091,0,0.093,1,60,Control,0.093,0.091
0.072,0,0.049,1,60,Control,0.049,0.072
0.111,0,0.078,1,60,Control,0.078,0.111
0.159,0,0.12,1,60,Control,0.12,0.159
0.157,2,0.087,1,60,Control,0.087,0.157
0.103,0,0.044,1,60,Control,0.044,0.103
0.044,0,0.046,1,60,Control,0.046,0.044
0.11,0,0.022,1,60,Control,0.022,0.11
0.174,0,0.165,1,60,Control,0.165,0.174
0.013,0,0.091,1,60,Control,0.091,0.013
0.198,2,0.181,2,120,Control,0.0905,0.099
0.036,0,0.062,1,120,Control,0.062,0.036
0.214,0,0.175,2,120,Control,0.0875,0.107
0.163,0,0.077,2,120,Control,0.0385,0.0815
0.067,1,0.047,1,120,Control,0.047,0.067
0.118,0,0.105,1,120,Control,0.105,0.118
0.121,0,0.102,1,120,Control,0.102,0.121
0.215,0,0.126,2,120,Control,0.063,0.1075
0.205,0,0.165,1,120,Control,0.165,0.205
0.309,1,0.347,1,120,Control,0.347,0.309
0.133,2,0.086,2,120,Control,0.043,0.0665
0.474,2,0.526,1,120,Control,0.526,0.474
0.053,0,0.081,1,120,Control,0.081,0.053
0.114,2,0.02,1,120,Control,0.02,0.114
0.145,0,0.099,1,120,Control,0.099,0.145
0.266,2,0.211,2,120,Control,0.1055,0.133
0.147,2,0.126,2,120,Control,0.063,0.0735
0.143,2,0.007,1,120,Control,0.007,0.143
0.19,2,0.144,2,120,Control,0.072,0.095
0.132,0,0.039,1,120,Control,0.039,0.132
0.1149999999999999,3,0.19,3,120,Control,0.06333333333333334,0.038333333333333296
0.144,2,0.111,1,120,Control,0.111,0.144
0.221,0,0.362,1,120,Control,0.362,0.221
0.234,0,0.206,1,120,Control,0.206,0.234
0.079,2,0.097,2,120,Control,0.0485,0.0395
0.177,3,0.122,2,120,Control,0.061,0.0885
0.244,0,0.172,1,120,Control,0.172,0.244
0.134,0,0.21,1,120,Control,0.21,0.134
0.108,0,0.054,2,120,Control,0.027,0.054
0.167,0,0.171,1,120,Control,0.171,0.167
0.165,0,0.148,1,120,Control,0.148,0.165
0.42,3,0.155,3,120,Control,0.051666666666666666,0.13999999999999999
0.149,0,0.069,1,120,Control,0.069,0.149
0.132,0,0.048,1,120,Control,0.048,0.132
0.158,0,0.134,1,120,Control,0.134,0.158
0.075,0,0.072,1,120,Control,0.072,0.075
0.101,0,0.094,1,120,Control,0.094,0.101
0.068,0,0.012,1,120,Control,0.012,0.068
0.129,0,0.135,3,120,Control,0.045000000000000005,0.043000000000000003
0.063,0,0.124,2,120,Control,0.062,0.0315
0.08,2,0.057,1,120,Control,0.057,0.08
0.123,2,0.152,1,120,Control,0.152,0.123
0.063,2,0.049,1,120,Control,0.049,0.063
0.1679999999999999,3,0.218,4,120,Control,0.0545,0.041999999999999975
0.548,0,0.453,2,120,Control,0.2265,0.274
0.174,0,0.018,1,120,Control,0.018,0.174
0.283,0,0.127,1,120,Control,0.127,0.283
0.179,0,0.148,1,120,Control,0.148,0.179
0.109,0,0.018,1,120,Control,0.018,0.109
0.537,2,0.211,2,120,Control,0.1055,0.2685
0.257,0,0.191,1,120,Control,0.191,0.257
0.438,0,0.382,1,120,Control,0.382,0.438
0.186,0,0.089,1,120,Control,0.089,0.186
0.222,0,0.096,1,120,Control,0.096,0.222
0.144,0,0.015,1,120,Control,0.015,0.144
0.196,0,0.067,1,120,Control,0.067,0.196
0.228,0,0.039,1,120,Control,0.039,0.228
0.182,0,0.176,1,120,Control,0.176,0.182
0.465,1,0.109,2,120,Control,0.0545,0.2325
0.254,0,0.218,1,120,Control,0.218,0.254
0.071,0,0.091,1,120,Control,0.091,0.071
0.273,0,0.118,1,120,Control,0.118,0.273
0.158,0,0.121,1,120,Control,0.121,0.158
0.157,0,0.013,2,120,Control,0.0065,0.0785
0.173,0,0.138,1,120,Control,0.138,0.173
0.139,0,0.109,1,120,Control,0.109,0.139
0.259,0,0.214,1,120,Control,0.214,0.259
0.187,2,0.077,2,120,Control,0.0385,0.0935
0.124,0,0.069,1,120,Control,0.069,0.124
0.239,0,0.086,2,120,Control,0.043,0.1195
0.217,0,0.064,3,120,Control,0.021333333333333333,0.07233333333333333
0.232,0,0.093,1,120,Control,0.093,0.232
0.106,0,0.018,1,120,Control,0.018,0.106
0.225,0,0.254,1,120,Control,0.254,0.225
0.277,0,0.179,1,120,Control,0.179,0.277
0.061,0,0.032,1,120,Control,0.032,0.061
0.07,0,0.04,1,120,Control,0.04,0.07
0.051,0,0.013,1,120,Control,0.013,0.051
0.083,2,0.041,1,120,Control,0.041,0.083
0.092,2,0.004,1,120,Control,0.004,0.092
0.183,2,0.1389999999999999,2,120,Control,0.06949999999999995,0.0915
0.045,0,0.1,1,120,Control,0.1,0.045
0.116,0,0.051,1,120,Control,0.051,0.116
0.135,2,0.079,2,120,Control,0.0395,0.0675
0.05,0,0.015,1,120,Control,0.015,0.05
0.118,0,0.081,3,120,Control,0.027,0.03933333333333333
0.123,3,0.16,2,120,Control,0.08,0.0615
0.178,0,0.168,1,120,Control,0.168,0.178
0.1139999999999999,3,0.043,2,120,Control,0.0215,0.05699999999999995
0.039,0,0.118,1,120,Control,0.118,0.039
0.198,0,0.202,1,120,Control,0.202,0.198
0.056,0,0.008,1,120,Control,0.008,0.056
0.03,0,0.092,1,120,Control,0.092,0.03
0.089,0,0.051,1,120,Control,0.051,0.089
0.391,0,0.338,1,120,Control,0.338,0.391
0.346,0,0.1169999999999999,2,120,Control,0.05849999999999995,0.173
0.264,0,0.18,1,120,Control,0.18,0.264
0.215,0,0.0289999999999999,1,120,Control,0.0289999999999999,0.215
0.252,0,0.034,1,120,Control,0.034,0.252
0.122,0,0.008,1,120,Control,0.008,0.122
0.201,0,0.028,1,120,Control,0.028,0.201
0.224,0,0.141,1,120,Control,0.141,0.224
0.136,0,0.0727999999999999,1,120,Control,0.0727999999999999,0.136
0.256,0,0.158,1,120,Control,0.158,0.256
0.406,0,0.113,1,120,Control,0.113,0.406
0.62,1,0.366,1,120,Control,0.366,0.62
0.229,0,0.053,2,120,Control,0.0265,0.1145
0.379,0,0.282,2,120,Control,0.141,0.1895
0.312,0,0.097,2,120,Control,0.0485,0.156
0.097,0,0.033,1,120,Control,0.033,0.097
0.167,0,0.12,1,120,Control,0.12,0.167
0.218,0,0.093,1,120,Control,0.093,0.218
0.198,0,0.052,2,120,Control,0.026,0.099
0.221,0,0.348,2,120,Control,0.174,0.1105
0.221,0,0.164,1,120,Control,0.164,0.221
0.38,0,0.328,1,120,Control,0.328,0.38
0.18,0,0.069,1,120,Control,0.069,0.18
0.355,0,0.409,1,120,Control,0.409,0.355
0.284,2,0.02,1,120,Control,0.02,0.284
0.191,0,0.072,1,120,Control,0.072,0.191
0.273,0,0.075,1,120,Control,0.075,0.273
0.18,0,0.038,1,120,Control,0.038,0.18
0.112,0,0.016,1,120,Control,0.016,0.112
0.198,0,0.033,1,120,Control,0.033,0.198
0.274,0,0.13,1,120,Control,0.13,0.274
0.226,0,0.094,1,120,Control,0.094,0.226
0.357,0,0.109,1,120,Control,0.109,0.357
0.118,0,0.005,1,120,Control,0.005,0.118
0.174,0,0.035,1,120,Control,0.035,0.174
0.146,0,0.066,1,120,Control,0.066,0.146
0.121,0,0.048,1,120,Control,0.048,0.121
0.148,0,0.0559999999999999,2,120,Control,0.02799999999999995,0.074
0.133,0,0.05,1,120,Control,0.05,0.133
0.089,0,0.012,1,120,Control,0.012,0.089
0.154,0,0.04,1,120,Control,0.04,0.154
0.094,0,0.014,1,120,Control,0.014,0.094
0.209,0,0.113,1,120,Control,0.113,0.209
0.347,0,0.119,2,120,Control,0.0595,0.1735
0.074,0,0.085,1,120,Control,0.085,0.074
0.122,0,0.052,1,120,Control,0.052,0.122
0.198,0,0.107,1,120,Control,0.107,0.198
0.281,0,0.176,1,120,Control,0.176,0.281
0.227,0,0.043,1,120,Control,0.043,0.227
0.304,0,0.093,1,120,Control,0.093,0.304
0.23,0,0.108,1,120,Control,0.108,0.23
0.11,0,0.04,1,120,Control,0.04,0.11
0.186,0,0.055,1,120,Control,0.055,0.186
0.232,0,0.03,2,120,Control,0.015,0.116
0.302,0,0.053,1,120,Control,0.053,0.302
0.197,0,0.033,2,120,Control,0.0165,0.0985
0.267,0,0.141,1,120,Control,0.141,0.267
0.154,0,0.096,1,120,Control,0.096,0.154
0.126,0,0.101,1,120,Control,0.101,0.126
0.181,0,0.016,2,120,Control,0.008,0.0905
0.238,0,0.0289999999999999,2,120,Control,0.01449999999999995,0.119
0.139,0,0.028,2,120,Control,0.014,0.0695
0.219,2,0.2339999999999999,3,120,Control,0.07799999999999997,0.073
0.103,0,0.09,1,120,Control,0.09,0.103
0.178,0,0.004,1,120,Control,0.004,0.178
0.205,0,0.026,2,120,Control,0.013,0.1025
0.161,0,0.127,2,120,Control,0.0635,0.0805
0.182,0,0.039,1,120,Control,0.039,0.182
0.072,0,0.022,1,120,Control,0.022,0.072
0.11,0,0.042,1,120,Control,0.042,0.11
0.296,2,0.018,1,120,Control,0.018,0.296
0.269,0,0.186,1,120,Control,0.186,0.269
0.226,0,0.084,2,120,Control,0.042,0.113
0.169,0,0.052,1,120,Control,0.052,0.169
0.205,1,0.022,1,120,Control,0.022,0.205
0.049,0,0.046,1,120,Control,0.046,0.049
0.142,0,0.049,2,120,Control,0.0245,0.071
0.088,0,0.04,1,120,Control,0.04,0.088
0.238,0,0.014,1,120,Control,0.014,0.238
0.403,0,0.088,2,120,Control,0.044,0.2015
0.137,0,0.022,1,120,Control,0.022,0.137
0.204,1,0.317,2,0,cLTP,0.1585,0.102
0.202,0,0.087,2,0,cLTP,0.0435,0.101
0.176,0,0.003,1,0,cLTP,0.003,0.176
0.246,0,0.0209999999999999,2,0,cLTP,0.01049999999999995,0.123
0.37,1,0.115,5,0,cLTP,0.023,0.074
0.289,3,0.0078,2,0,cLTP,0.0039,0.1445
0.303,2,0.102,2,0,cLTP,0.051,0.1515
0.193,0,0.066,1,0,cLTP,0.066,0.193
0.141,2,0.046,3,0,cLTP,0.015333333333333332,0.04699999999999999
0.153,0,0.002,1,0,cLTP,0.002,0.153
0.194,0,0.008,1,0,cLTP,0.008,0.194
0.154,3,0.026,1,0,cLTP,0.026,0.154
0.172,0,0.158,2,0,cLTP,0.079,0.086
0.501,3,0.188,4,0,cLTP,0.047,0.12525
0.083,0,0.005,1,0,cLTP,0.005,0.083
0.102,0,0.036,1,0,cLTP,0.036,0.102
0.134,0,0.039,1,0,cLTP,0.039,0.134
0.694,1,0.367,2,0,cLTP,0.1835,0.347
0.154,0,0.064,1,0,cLTP,0.064,0.154
0.126,0,0.048,1,0,cLTP,0.048,0.126
0.058,0,0.041,2,0,cLTP,0.0205,0.029
0.127,0,0.043,2,0,cLTP,0.0215,0.0635
0.267,0,0.0339999999999999,3,0,cLTP,0.0113333333333333,0.08900000000000001
0.064,0,0.022,2,0,cLTP,0.011,0.032
0.038,0,0.001,1,0,cLTP,0.001,0.038
0.147,0,0.034,1,0,cLTP,0.034,0.147
0.097,0,0.024,1,0,cLTP,0.024,0.097
0.193,0,0.102,1,0,cLTP,0.102,0.193
0.276,0,0.152,1,0,cLTP,0.152,0.276
0.102,0,0.028,1,0,cLTP,0.028,0.102
0.278,0,0.128,2,0,cLTP,0.064,0.139
0.205,0,0.06,2,0,cLTP,0.03,0.1025
0.583,1,0.41,1,0,cLTP,0.41,0.583
0.24,0,0.059,1,0,cLTP,0.059,0.24
0.158,0,0.003,1,0,cLTP,0.003,0.158
0.096,0,0.021,1,0,cLTP,0.021,0.096
0.199,0,0.083,1,0,cLTP,0.083,0.199
0.174,0,0.054,1,0,cLTP,0.054,0.174
0.096,0,0.002,1,0,cLTP,0.002,0.096
0.249,0,0.092,1,0,cLTP,0.092,0.249
0.385,3,0.088,3,0,cLTP,0.029333333333333333,0.12833333333333333
0.263,0,0.097,1,0,cLTP,0.097,0.263
0.507,1,0.089,3,0,cLTP,0.029666666666666664,0.169
0.163,0,0.041,1,0,cLTP,0.041,0.163
0.136,0,0.044,1,0,cLTP,0.044,0.136
0.141,0,0.07,1,0,cLTP,0.07,0.141
0.21,0,0.043,3,0,cLTP,0.014333333333333332,0.06999999999999999
0.348,1,0.076,1,0,cLTP,0.076,0.348
0.17,0,0.0699999999999999,3,0,cLTP,0.0233333333333333,0.05666666666666667
0.189,3,0.015,1,0,cLTP,0.015,0.189
0.061,0,0.018,1,0,cLTP,0.018,0.061
0.13,0,0.052,1,0,cLTP,0.052,0.13
0.116,0,0.004,1,0,cLTP,0.004,0.116
0.201,0,0.12,1,0,cLTP,0.12,0.201
0.183,0,0.052,1,0,cLTP,0.052,0.183
0.396,1,0.027,2,0,cLTP,0.0135,0.198
0.28,0,0.075,1,0,cLTP,0.075,0.28
0.238,0,0.177,1,0,cLTP,0.177,0.238
0.169,1,0.131,3,0,cLTP,0.043666666666666666,0.05633333333333334
0.28,0,0.1,2,0,cLTP,0.05,0.14
0.09,0,0.105,3,0,cLTP,0.034999999999999996,0.03
0.175,0,0.174,2,0,cLTP,0.087,0.0875
0.235,0,0.091,2,0,cLTP,0.0455,0.1175
0.182,1,0.236,1,0,cLTP,0.236,0.182
0.104,0,0.067,1,0,cLTP,0.067,0.104
0.094,0,0.01,1,0,cLTP,0.01,0.094
0.0849999999999999,2,0.057,1,0,cLTP,0.057,0.0849999999999999
0.397,1,0.3380000000000001,3,0,cLTP,0.11266666666666669,0.13233333333333333
0.093,0,0.005,1,0,cLTP,0.005,0.093
0.088,2,0.056,2,0,cLTP,0.028,0.044
0.07,0,0.074,1,0,cLTP,0.074,0.07
0.129,0,0.032,3,0,cLTP,0.010666666666666666,0.043000000000000003
0.13,1,0.04,1,0,cLTP,0.04,0.13
0.14,0,0.008,1,0,cLTP,0.008,0.14
0.1,0,0.0177999999999999,1,0,cLTP,0.0177999999999999,0.1
0.066,0,0.007,1,0,cLTP,0.007,0.066
0.065,2,0.0298,3,0,cLTP,0.009933333333333334,0.021666666666666667
0.18,0,0.022,1,0,cLTP,0.022,0.18
0.108,0,0.134,1,0,cLTP,0.134,0.108
0.165,0,0.037,2,0,cLTP,0.0185,0.0825
0.17,0,0.064,3,0,cLTP,0.021333333333333333,0.05666666666666667
0.19,1,0.145,3,0,cLTP,0.04833333333333333,0.06333333333333334
0.195,0,0.036,3,0,cLTP,0.011999999999999999,0.065
0.188,0,0.0349999999999999,1,0,cLTP,0.0349999999999999,0.188
0.111,0,0.1099999999999999,2,0,cLTP,0.05499999999999995,0.0555
0.118,0,0.044,1,0,cLTP,0.044,0.118
0.186,2,0.051,1,0,cLTP,0.051,0.186
0.159,0,0.05,1,0,cLTP,0.05,0.159
0.267,0,0.118,1,0,cLTP,0.118,0.267
0.209,0,0.136,1,0,cLTP,0.136,0.209
0.248,2,0.288,2,0,cLTP,0.144,0.124
0.197,0,0.022,1,0,cLTP,0.022,0.197
0.196,0,0.004,1,0,cLTP,0.004,0.196
0.006,0,0.021,1,0,cLTP,0.021,0.006
0.346,0,0.144,1,0,cLTP,0.144,0.346
0.467,0,0.216,1,0,cLTP,0.216,0.467
0.27,2,0.063,2,0,cLTP,0.0315,0.135
0.36,0,0.093,1,0,cLTP,0.093,0.36
0.31,0,0.079,1,0,cLTP,0.079,0.31
0.109,2,0.013,1,0,cLTP,0.013,0.109
0.138,0,0.017,1,0,cLTP,0.017,0.138
0.148,0,0.044,1,0,cLTP,0.044,0.148
0.112,0,0.027,1,0,cLTP,0.027,0.112
0.346,1,0.095,2,0,cLTP,0.0475,0.173
0.293,0,0.0249999999999999,1,0,cLTP,0.0249999999999999,0.293
0.391,2,0.078,1,0,cLTP,0.078,0.391
0.223,2,0.01,1,0,cLTP,0.01,0.223
0.249,0,0.056,2,0,cLTP,0.028,0.1245
0.181,0,0.017,1,0,cLTP,0.017,0.181
0.175,0,0.077,1,0,cLTP,0.077,0.175
0.312,0,0.021,1,0,cLTP,0.021,0.312
0.132,0,0.065,1,0,cLTP,0.065,0.132
0.377,1,0.126,3,0,cLTP,0.042,0.12566666666666668
0.117,0,0.075,1,0,cLTP,0.075,0.117
0.207,0,0.105,1,0,cLTP,0.105,0.207
0.068,0,0.032,1,0,cLTP,0.032,0.068
0.249,2,0.027,1,0,cLTP,0.027,0.249
0.222,2,0.072,2,0,cLTP,0.036,0.111
0.336,0,0.043,2,0,cLTP,0.0215,0.168
0.278,0,0.163,2,0,cLTP,0.0815,0.139
0.27,0,0.218,1,0,cLTP,0.218,0.27
0.689,0,0.394,2,0,cLTP,0.197,0.3445
0.236,0,0.077,1,0,cLTP,0.077,0.236
0.391,0,0.059,2,0,cLTP,0.0295,0.1955
0.325,2,0.099,3,0,cLTP,0.033,0.10833333333333334
0.334,2,0.01,1,0,cLTP,0.01,0.334
0.5880000000000001,2,0.086,3,0,cLTP,0.028666666666666663,0.19600000000000004
0.198,0,0.022,2,0,cLTP,0.011,0.099
0.348,0,0.156,2,0,cLTP,0.078,0.174
0.312,2,0.08,2,0,cLTP,0.04,0.156
0.226,0,0.094,1,0,cLTP,0.094,0.226
0.429,0,0.179,2,0,cLTP,0.0895,0.2145
0.123,0,0.047,1,0,cLTP,0.047,0.123
0.353,0,0.054,2,0,cLTP,0.027,0.1765
0.476,2,0.136,1,0,cLTP,0.136,0.476
0.207,0,0.027,1,0,cLTP,0.027,0.207
0.263,0,0.114,2,0,cLTP,0.057,0.1315
0.496,0,0.08,2,0,cLTP,0.04,0.248
0.119,0,0.096,1,0,cLTP,0.096,0.119
0.334,0,0.086,1,0,cLTP,0.086,0.334
0.19,0,0.041,1,0,cLTP,0.041,0.19
0.177,0,0.113,1,0,cLTP,0.113,0.177
0.189,0,0.098,1,0,cLTP,0.098,0.189
0.165,0,0.113,1,0,cLTP,0.113,0.165
0.066,0,0.008,1,0,cLTP,0.008,0.066
0.126,0,0.047,1,0,cLTP,0.047,0.126
0.075,0,0.027,1,0,cLTP,0.027,0.075
0.201,0,0.056,1,0,cLTP,0.056,0.201
0.069,0,0.024,1,0,cLTP,0.024,0.069
0.127,0,0.083,1,0,cLTP,0.083,0.127
0.646,0,0.376,3,0,cLTP,0.12533333333333332,0.21533333333333335
0.102,0,0.106,1,0,cLTP,0.106,0.102
0.332,0,0.198,2,0,cLTP,0.099,0.166
0.684,1,0.4479999999999999,2,0,cLTP,0.22399999999999995,0.342
0.359,0,0.233,1,0,cLTP,0.233,0.359
0.414,0,0.221,2,0,cLTP,0.1105,0.207
0.11,0,0.062,2,0,cLTP,0.031,0.055
0.302,0,0.091,1,0,cLTP,0.091,0.302
0.584,0,0.227,3,0,cLTP,0.07566666666666667,0.19466666666666665
0.508,0,0.393,4,0,cLTP,0.09825,0.127
0.366,0,0.098,1,0,cLTP,0.098,0.366
0.438,0,0.212,2,0,cLTP,0.106,0.219
0.114,0,0.025,1,0,cLTP,0.025,0.114
0.531,0,0.033,2,0,cLTP,0.0165,0.2655
0.297,0,0.052,1,0,cLTP,0.052,0.297
0.214,0,0.054,1,0,cLTP,0.054,0.214
0.208,2,0.106,1,0,cLTP,0.106,0.208
0.196,0,0.118,1,0,cLTP,0.118,0.196
0.241,2,0.142,1,0,cLTP,0.142,0.241
0.302,2,0.156,2,0,cLTP,0.078,0.151
0.418,0,0.136,1,0,cLTP,0.136,0.418
0.291,0,0.124,1,0,cLTP,0.124,0.291
0.421,0,0.0489999999999999,2,0,cLTP,0.02449999999999995,0.2105
0.206,0,0.014,1,0,cLTP,0.014,0.206
0.412,0,0.332,1,0,cLTP,0.332,0.412
0.172,0,0.014,1,0,cLTP,0.014,0.172
0.42,0,0.103,2,0,cLTP,0.0515,0.21
0.12,0,0.072,2,0,cLTP,0.036,0.06
0.139,2,0.042,1,0,cLTP,0.042,0.139
0.67,0,0.314,2,0,cLTP,0.157,0.335
0.376,0,0.156,1,0,cLTP,0.156,0.376
0.209,0,0.041,1,0,cLTP,0.041,0.209
0.255,0,0.167,1,0,cLTP,0.167,0.255
0.162,0,0.042,1,0,cLTP,0.042,0.162
0.084,0,0.022,1,0,cLTP,0.022,0.084
0.158,0,0.03,1,0,cLTP,0.03,0.158
0.135,0,0.033,1,0,cLTP,0.033,0.135
0.106,0,0.056,1,0,cLTP,0.056,0.106
0.456,0,0.334,1,0,cLTP,0.334,0.456
0.443,0,0.156,1,0,cLTP,0.156,0.443
0.173,3,0.101,1,30,cLTP,0.101,0.173
0.278,0,0.217,1,30,cLTP,0.217,0.278
0.367,2,0.153,2,30,cLTP,0.0765,0.1835
0.304,0,0.207,1,30,cLTP,0.207,0.304
0.378,0,0.127,1,30,cLTP,0.127,0.378
0.21,0,0.134,1,30,cLTP,0.134,0.21
0.26,0,0.114,1,30,cLTP,0.114,0.26
0.086,0,0.03,1,30,cLTP,0.03,0.086
0.212,0,0.098,1,30,cLTP,0.098,0.212
0.516,0,0.013,1,30,cLTP,0.013,0.516
0.092,0,0.028,1,30,cLTP,0.028,0.092
0.097,0,0.08,1,30,cLTP,0.08,0.097
0.201,0,0.064,1,30,cLTP,0.064,0.201
0.152,0,0.129,2,30,cLTP,0.0645,0.076
0.23,0,0.145,1,30,cLTP,0.145,0.23
0.184,0,0.15,1,30,cLTP,0.15,0.184
0.13,0,0.096,1,30,cLTP,0.096,0.13
0.189,2,0.012,2,30,cLTP,0.006,0.0945
0.23,0,0.106,1,30,cLTP,0.106,0.23
0.294,0,0.193,2,30,cLTP,0.0965,0.147
0.281,0,0.132,2,30,cLTP,0.066,0.1405
0.102,0,0.041,2,30,cLTP,0.0205,0.051
0.312,0,0.093,1,30,cLTP,0.093,0.312
0.142,0,0.093,1,30,cLTP,0.093,0.142
0.212,0,0.186,1,30,cLTP,0.186,0.212
0.272,0,0.209,1,30,cLTP,0.209,0.272
0.196,0,0.092,1,30,cLTP,0.092,0.196
0.168,0,0.014,1,30,cLTP,0.014,0.168
0.203,0,0.019,1,30,cLTP,0.019,0.203
0.157,2,0.021,1,30,cLTP,0.021,0.157
0.107,0,0.036,1,30,cLTP,0.036,0.107
0.197,0,0.025,1,30,cLTP,0.025,0.197
0.343,2,0.02,1,30,cLTP,0.02,0.343
0.444,1,0.453,1,30,cLTP,0.453,0.444
0.201,0,0.0499999999999999,1,30,cLTP,0.0499999999999999,0.201
0.475,0,0.329,3,30,cLTP,0.10966666666666668,0.15833333333333333
0.227,0,0.017,1,30,cLTP,0.017,0.227
0.429,2,0.098,2,30,cLTP,0.049,0.2145
0.481,0,0.644,1,30,cLTP,0.644,0.481
0.334,0,0.031,3,30,cLTP,0.010333333333333333,0.11133333333333334
0.282,2,0.073,2,30,cLTP,0.0365,0.141
0.192,0,0.163,1,30,cLTP,0.163,0.192
0.372,0,0.409,1,30,cLTP,0.409,0.372
0.383,0,0.468,1,30,cLTP,0.468,0.383
0.283,0,0.152,1,30,cLTP,0.152,0.283
0.773,1,0.653,1,30,cLTP,0.653,0.773
0.196,0,0.178,1,30,cLTP,0.178,0.196
0.292,0,0.2,2,30,cLTP,0.1,0.146
0.65,1,0.3349999999999999,4,30,cLTP,0.08374999999999998,0.1625
0.496,0,0.289,0,30,cLTP,inf,inf
0.556,0,0.497,3,30,cLTP,0.16566666666666666,0.18533333333333335
0.221,0,0.064,2,30,cLTP,0.032,0.1105
0.522,1,0.095,3,30,cLTP,0.03166666666666667,0.17400000000000002
0.212,0,0.092,3,30,cLTP,0.030666666666666665,0.07066666666666667
0.11,0,0.023,1,30,cLTP,0.023,0.11
0.322,1,0.165,2,30,cLTP,0.0825,0.161
0.597,1,0.651,1,30,cLTP,0.651,0.597
0.256,0,0.193,1,30,cLTP,0.193,0.256
0.272,0,0.098,2,30,cLTP,0.049,0.136
0.132,0,0.029,1,30,cLTP,0.029,0.132
0.15,2,0.047,2,30,cLTP,0.0235,0.075
0.27,0,0.14,1,30,cLTP,0.14,0.27
0.251,0,0.15,2,30,cLTP,0.075,0.1255
0.173,2,0.139,2,30,cLTP,0.0695,0.0865
0.51,0,0.397,2,30,cLTP,0.1985,0.255
0.147,0,0.1,2,30,cLTP,0.05,0.0735
0.16,2,0.039,1,30,cLTP,0.039,0.16
0.088,0,0.092,1,30,cLTP,0.092,0.088
0.135,0,0.167,1,30,cLTP,0.167,0.135
0.112,0,0.102,1,30,cLTP,0.102,0.112
0.492,0,0.28,1,30,cLTP,0.28,0.492
0.125,0,0.09,1,30,cLTP,0.09,0.125
0.187,0,0.188,1,30,cLTP,0.188,0.187
0.027,0,0.0529999999999999,1,30,cLTP,0.0529999999999999,0.027
0.256,1,0.108,1,30,cLTP,0.108,0.256
0.186,2,0.215,2,30,cLTP,0.1075,0.093
0.166,0,0.07,1,30,cLTP,0.07,0.166
0.086,0,0.112,1,30,cLTP,0.112,0.086
0.292,0,0.148,1,30,cLTP,0.148,0.292
0.059,0,0.073,1,30,cLTP,0.073,0.059
0.156,0,0.047,2,30,cLTP,0.0235,0.078
0.199,2,0.041,2,30,cLTP,0.0205,0.0995
0.135,0,0.021,1,30,cLTP,0.021,0.135
0.072,0,0.063,1,30,cLTP,0.063,0.072
0.088,0,0.028,1,30,cLTP,0.028,0.088
0.284,0,0.037,1,30,cLTP,0.037,0.284
0.189,0,0.059,1,30,cLTP,0.059,0.189
0.352,1,0.0289999999999999,1,30,cLTP,0.0289999999999999,0.352
0.042,0,0.047,1,30,cLTP,0.047,0.042
0.198,0,0.059,1,30,cLTP,0.059,0.198
0.044,0,0.006,1,30,cLTP,0.006,0.044
0.094,0,0.028,1,30,cLTP,0.028,0.094
0.221,0,0.048,1,30,cLTP,0.048,0.221
0.094,0,0.013,1,30,cLTP,0.013,0.094
0.886,1,0.418,4,30,cLTP,0.1045,0.2215
0.368,1,0.099,1,30,cLTP,0.099,0.368
0.168,0,0.064,1,30,cLTP,0.064,0.168
0.109,2,0.018,1,30,cLTP,0.018,0.109
0.082,0,0.004,1,30,cLTP,0.004,0.082
0.081,0,0.1,1,30,cLTP,0.1,0.081
0.112,0,0.075,1,30,cLTP,0.075,0.112
0.069,0,0.046,1,30,cLTP,0.046,0.069
0.226,0,0.02,1,30,cLTP,0.02,0.226
0.245,0,0.075,1,30,cLTP,0.075,0.245
0.076,3,0.152,2,30,cLTP,0.076,0.038
0.21,0,0.08,1,30,cLTP,0.08,0.21
0.174,2,0.021,1,30,cLTP,0.021,0.174
0.156,2,0.011,1,30,cLTP,0.011,0.156
0.122,1,0.017,1,30,cLTP,0.017,0.122
0.256,0,0.11,2,30,cLTP,0.055,0.128
0.312,0,0.219,2,30,cLTP,0.1095,0.156
0.288,0,0.055,2,30,cLTP,0.0275,0.144
0.212,0,0.034,1,30,cLTP,0.034,0.212
0.492,2,0.118,3,30,cLTP,0.03933333333333333,0.164
0.822,1,0.248,2,30,cLTP,0.124,0.411
0.083,0,0.011,1,30,cLTP,0.011,0.083
0.213,0,0.15,1,30,cLTP,0.15,0.213
0.642,1,0.081,2,30,cLTP,0.0405,0.321
0.147,0,0.078,1,30,cLTP,0.078,0.147
0.107,0,0.006,1,30,cLTP,0.006,0.107
0.224,0,0.121,1,30,cLTP,0.121,0.224
0.336,0,0.2319999999999999,2,30,cLTP,0.11599999999999995,0.168
0.338,0,0.07,1,30,cLTP,0.07,0.338
0.112,0,0.009,1,30,cLTP,0.009,0.112
0.43,0,0.162,1,30,cLTP,0.162,0.43
0.212,0,0.133,1,30,cLTP,0.133,0.212
0.111,0,0.035,1,30,cLTP,0.035,0.111
0.222,0,0.056,2,30,cLTP,0.028,0.111
0.392,2,0.002,1,30,cLTP,0.002,0.392
0.236,0,0.042,1,30,cLTP,0.042,0.236
0.126,0,0.021,1,30,cLTP,0.021,0.126
0.067,0,0.007,1,30,cLTP,0.007,0.067
0.216,0,0.048,1,30,cLTP,0.048,0.216
0.187,0,0.128,1,30,cLTP,0.128,0.187
0.469,0,0.06,1,30,cLTP,0.06,0.469
0.318,0,0.15,1,30,cLTP,0.15,0.318
0.146,0,0.079,2,30,cLTP,0.0395,0.073
0.186,0,0.076,1,30,cLTP,0.076,0.186
0.353,0,0.101,1,30,cLTP,0.101,0.353
0.099,0,0.026,1,30,cLTP,0.026,0.099
0.192,0,0.012,1,30,cLTP,0.012,0.192
0.358,0,0.003,1,30,cLTP,0.003,0.358
0.494,0,0.01,2,30,cLTP,0.005,0.247
0.379,0,0.028,1,30,cLTP,0.028,0.379
0.164,0,0.056,1,30,cLTP,0.056,0.164
0.116,0,0.064,1,30,cLTP,0.064,0.116
0.401,0,0.304,1,30,cLTP,0.304,0.401
0.4640000000000001,4,0.284,3,30,cLTP,0.09466666666666666,0.1546666666666667
0.672,1,0.141,3,30,cLTP,0.04699999999999999,0.224
0.34,0,0.141,1,30,cLTP,0.141,0.34
0.299,0,0.207,2,30,cLTP,0.1035,0.1495
0.407,0,0.196,2,30,cLTP,0.098,0.2035
0.714,0,0.437,3,30,cLTP,0.14566666666666667,0.238
0.212,0,0.0579999999999999,2,30,cLTP,0.02899999999999995,0.106
0.219,0,0.156,1,30,cLTP,0.156,0.219
0.612,0,0.206,2,30,cLTP,0.103,0.306
0.167,0,0.056,1,30,cLTP,0.056,0.167
0.566,1,0.111,2,30,cLTP,0.0555,0.283
0.136,0,0.04,2,30,cLTP,0.02,0.068
0.18,1,0.031,1,30,cLTP,0.031,0.18
0.502,0,0.109,3,30,cLTP,0.036333333333333336,0.16733333333333333
1.097,1,0.4620000000000001,5,30,cLTP,0.09240000000000001,0.21939999999999998
0.316,2,0.067,2,30,cLTP,0.0335,0.158
0.114,0,0.122,1,30,cLTP,0.122,0.114
0.358,0,0.103,1,30,cLTP,0.103,0.358
0.016,0,0.03,1,30,cLTP,0.03,0.016
0.149,2,0.0209999999999999,2,30,cLTP,0.01049999999999995,0.0745
0.082,0,0.026,1,30,cLTP,0.026,0.082
0.301,0,0.0689999999999999,2,30,cLTP,0.03449999999999995,0.1505
0.19,0,0.095,2,30,cLTP,0.0475,0.095
0.22,2,0.194,3,60,cLTP,0.06466666666666666,0.07333333333333333
0.322,3,0.195,4,60,cLTP,0.04875,0.0805
0.243,0,0.004,1,60,cLTP,0.004,0.243
0.147,0,0.136,1,60,cLTP,0.136,0.147
0.093,0,0.047,1,60,cLTP,0.047,0.093
0.131,0,0.076,1,60,cLTP,0.076,0.131
0.443,1,0.297,1,60,cLTP,0.297,0.443
0.206,0,0.142,1,60,cLTP,0.142,0.206
0.267,0,0.123,1,60,cLTP,0.123,0.267
0.158,0,0.038,1,60,cLTP,0.038,0.158
0.105,0,0.094,2,60,cLTP,0.047,0.0525
0.11,0,0.07,1,60,cLTP,0.07,0.11
0.153,2,0.04,1,60,cLTP,0.04,0.153
0.222,0,0.064,2,60,cLTP,0.032,0.111
0.176,0,0.074,1,60,cLTP,0.074,0.176
0.22,0,0.06,1,60,cLTP,0.06,0.22
0.266,0,0.152,1,60,cLTP,0.152,0.266
0.293,3,0.266,1,60,cLTP,0.266,0.293
0.198,0,0.184,1,60,cLTP,0.184,0.198
0.1,0,0.055,1,60,cLTP,0.055,0.1
0.28,0,0.176,1,60,cLTP,0.176,0.28
0.195,0,0.117,1,60,cLTP,0.117,0.195
0.102,0,0.041,1,60,cLTP,0.041,0.102
0.199,0,0.135,1,60,cLTP,0.135,0.199
0.2,2,0.022,1,60,cLTP,0.022,0.2
0.261,2,0.126,1,60,cLTP,0.126,0.261
0.28,0,0.19,1,60,cLTP,0.19,0.28
0.184,0,0.057,1,60,cLTP,0.057,0.184
0.742,1,0.24,2,60,cLTP,0.12,0.371
0.128,0,0.023,1,60,cLTP,0.023,0.128
0.491,1,0.079,1,60,cLTP,0.079,0.491
0.502,3,0.207,3,60,cLTP,0.06899999999999999,0.16733333333333333
0.27,0,0.138,1,60,cLTP,0.138,0.27
0.426,0,0.145,2,60,cLTP,0.0725,0.213
0.518,1,0.364,1,60,cLTP,0.364,0.518
0.231,2,0.076,2,60,cLTP,0.038,0.1155
0.276,0,0.119,2,60,cLTP,0.0595,0.138
0.12,0,0.045,2,60,cLTP,0.0225,0.06
0.148,0,0.07,1,60,cLTP,0.07,0.148
0.277,0,0.12,1,60,cLTP,0.12,0.277
0.435,1,0.099,2,60,cLTP,0.0495,0.2175
0.488,1,0.129,3,60,cLTP,0.043000000000000003,0.16266666666666665
0.194,0,0.128,1,60,cLTP,0.128,0.194
0.275,0,0.022,1,60,cLTP,0.022,0.275
0.354,0,0.371,2,60,cLTP,0.1855,0.177
0.183,0,0.099,1,60,cLTP,0.099,0.183
0.4,0,0.468,1,60,cLTP,0.468,0.4
0.247,0,0.099,2,60,cLTP,0.0495,0.1235
0.253,2,0.071,1,60,cLTP,0.071,0.253
0.196,0,0.1488,1,60,cLTP,0.1488,0.196
0.964,1,1.235,1,60,cLTP,1.235,0.964
0.502,1,0.493,1,60,cLTP,0.493,0.502
0.773,2,0.689,1,60,cLTP,0.689,0.773
0.331,0,0.097,2,60,cLTP,0.0485,0.1655
0.21,0,0.16,1,60,cLTP,0.16,0.21
0.366,0,0.315,1,60,cLTP,0.315,0.366
0.428,2,0.152,1,60,cLTP,0.152,0.428
0.197,0,0.072,1,60,cLTP,0.072,0.197
0.268,0,0.199,1,60,cLTP,0.199,0.268
0.206,0,0.147,1,60,cLTP,0.147,0.206
0.635,0,0.106,2,60,cLTP,0.053,0.3175
0.17,0,0.079,1,60,cLTP,0.079,0.17
0.275,2,0.0419999999999999,1,60,cLTP,0.0419999999999999,0.275
0.24,0,0.003,1,60,cLTP,0.003,0.24
0.211,0,0.036,1,60,cLTP,0.036,0.211
0.31,0,0.12,2,60,cLTP,0.06,0.155
0.368,0,0.276,1,60,cLTP,0.276,0.368
0.44,0,0.108,1,60,cLTP,0.108,0.44
0.271,2,0.084,1,60,cLTP,0.084,0.271
0.293,0,0.157,1,60,cLTP,0.157,0.293
0.207,0,0.129,1,60,cLTP,0.129,0.207
0.279,0,0.066,1,60,cLTP,0.066,0.279
0.416,2,0.147,2,60,cLTP,0.0735,0.208
0.256,0,0.124,1,60,cLTP,0.124,0.256
0.792,0,0.283,2,60,cLTP,0.1415,0.396
0.453,0,0.52,1,60,cLTP,0.52,0.453
0.279,2,0.242,1,60,cLTP,0.242,0.279
0.446,0,0.146,1,60,cLTP,0.146,0.446
0.14,0,0.11,1,60,cLTP,0.11,0.14
0.581,0,0.317,2,60,cLTP,0.1585,0.2905
0.262,2,0.066,1,60,cLTP,0.066,0.262
0.166,0,0.039,2,60,cLTP,0.0195,0.083
0.222,0,0.108,1,60,cLTP,0.108,0.222
0.289,0,0.043,1,60,cLTP,0.043,0.289
0.332,0,0.176,1,60,cLTP,0.176,0.332
0.184,0,0.102,1,60,cLTP,0.102,0.184
0.366,0,0.137,1,60,cLTP,0.137,0.366
0.222,0,0.13,1,60,cLTP,0.13,0.222
0.243,0,0.1,1,60,cLTP,0.1,0.243
0.365,3,0.033,1,60,cLTP,0.033,0.365
0.151,0,0.132,1,60,cLTP,0.132,0.151
0.367,0,0.383,1,60,cLTP,0.383,0.367
0.193,0,0.264,1,60,cLTP,0.264,0.193
0.264,3,0.1699999999999999,3,60,cLTP,0.056666666666666636,0.08800000000000001
0.264,1,0.2239999999999999,1,60,cLTP,0.2239999999999999,0.264
0.212,0,0.099,2,60,cLTP,0.0495,0.106
0.302,0,0.256,1,60,cLTP,0.256,0.302
0.123,0,0.288,1,60,cLTP,0.288,0.123
0.144,0,0.033,1,60,cLTP,0.033,0.144
0.351,1,0.372,1,60,cLTP,0.372,0.351
0.199,0,0.178,1,60,cLTP,0.178,0.199
0.142,0,0.133,1,60,cLTP,0.133,0.142
0.134,0,0.023,1,60,cLTP,0.023,0.134
0.244,1,0.324,1,60,cLTP,0.324,0.244
0.273,0,0.116,2,60,cLTP,0.058,0.1365
0.26,0,0.191,1,60,cLTP,0.191,0.26
0.236,0,0.282,1,60,cLTP,0.282,0.236
0.168,0,0.052,1,60,cLTP,0.052,0.168
0.095,0,0.09,1,60,cLTP,0.09,0.095
0.204,1,0.171,1,60,cLTP,0.171,0.204
0.228,0,0.141,1,60,cLTP,0.141,0.228
0.284,0,0.461,1,60,cLTP,0.461,0.284
0.207,0,0.06,1,60,cLTP,0.06,0.207
0.562,1,0.056,3,60,cLTP,0.018666666666666668,0.18733333333333335
0.122,0,0.059,2,60,cLTP,0.0295,0.061
0.372,0,0.128,1,60,cLTP,0.128,0.372
0.194,3,0.027,1,60,cLTP,0.027,0.194
0.514,2,0.31,4,60,cLTP,0.0775,0.1285
0.53,1,0.403,3,60,cLTP,0.13433333333333333,0.17666666666666667
0.109,0,0.059,1,60,cLTP,0.059,0.109
0.251,0,0.264,1,60,cLTP,0.264,0.251
0.532,0,0.064,1,60,cLTP,0.064,0.532
0.269,0,0.104,2,60,cLTP,0.052,0.1345
0.44,1,0.064,2,60,cLTP,0.032,0.22
1.016,1,0.291,3,60,cLTP,0.09699999999999999,0.33866666666666667
0.124,0,0.051,1,60,cLTP,0.051,0.124
0.194,0,0.064,1,60,cLTP,0.064,0.194
0.123,0,0.048,2,60,cLTP,0.024,0.0615
0.649,2,0.431,2,60,cLTP,0.2155,0.3245
0.472,0,0.258,2,60,cLTP,0.129,0.236
0.128,0,0.008,1,60,cLTP,0.008,0.128
0.121,0,0.04,1,60,cLTP,0.04,0.121
0.265,0,0.09,1,60,cLTP,0.09,0.265
0.215,1,0.224,3,60,cLTP,0.07466666666666667,0.07166666666666667
0.166,0,0.111,2,60,cLTP,0.0555,0.083
0.589,1,0.057,3,60,cLTP,0.019,0.19633333333333333
0.429,1,0.124,3,60,cLTP,0.04133333333333333,0.143
0.301,0,0.13,1,60,cLTP,0.13,0.301
0.15,0,0.016,1,60,cLTP,0.016,0.15
0.178,0,0.028,1,60,cLTP,0.028,0.178
0.17,0,0.067,1,60,cLTP,0.067,0.17
0.084,0,0.023,1,60,cLTP,0.023,0.084
0.27,0,0.015,1,60,cLTP,0.015,0.27
0.14,0,0.007,1,60,cLTP,0.007,0.14
0.111,0,0.053,1,60,cLTP,0.053,0.111
0.158,0,0.064,1,60,cLTP,0.064,0.158
0.086,0,0.091,1,60,cLTP,0.091,0.086
0.193,0,0.1,1,60,cLTP,0.1,0.193
0.24,0,0.403,1,60,cLTP,0.403,0.24
0.199,0,0.074,1,60,cLTP,0.074,0.199
0.572,1,0.107,2,60,cLTP,0.0535,0.286
0.275,0,0.073,2,60,cLTP,0.0365,0.1375
0.145,0,0.014,1,60,cLTP,0.014,0.145
0.21,0,0.053,2,60,cLTP,0.0265,0.105
0.205,0,0.023,2,60,cLTP,0.0115,0.1025
0.194,2,0.121,1,60,cLTP,0.121,0.194
0.18,0,0.028,1,60,cLTP,0.028,0.18
0.255,0,0.096,1,60,cLTP,0.096,0.255
0.208,0,0.118,1,60,cLTP,0.118,0.208
0.246,0,0.012,1,60,cLTP,0.012,0.246
0.603,1,0.074,2,60,cLTP,0.037,0.3015
0.345,0,0.091,1,60,cLTP,0.091,0.345
0.397,0,0.06,1,60,cLTP,0.06,0.397
0.224,0,0.086,1,60,cLTP,0.086,0.224
0.421,0,0.118,2,60,cLTP,0.059,0.2105
0.152,0,0.0004,1,60,cLTP,0.0004,0.152
0.129,0,0.019,1,60,cLTP,0.019,0.129
0.426,2,0.16,2,60,cLTP,0.08,0.213
0.31,0,0.075,1,60,cLTP,0.075,0.31
0.227,0,0.042,1,60,cLTP,0.042,0.227
0.178,0,0.062,2,60,cLTP,0.031,0.089
0.15,0,0.074,1,60,cLTP,0.074,0.15
0.297,0,0.026,2,60,cLTP,0.013,0.1485
0.278,0,0.0076,1,60,cLTP,0.0076,0.278
0.243,2,0.045,3,60,cLTP,0.015,0.081
0.339,2,0.059,1,60,cLTP,0.059,0.339
0.247,0,0.006,1,60,cLTP,0.006,0.247
0.2289999999999999,2,0.115,1,60,cLTP,0.115,0.2289999999999999
0.249,0,0.054,1,60,cLTP,0.054,0.249
0.343,0,0.06,2,60,cLTP,0.03,0.1715
0.249,0,0.0068,1,60,cLTP,0.0068,0.249
0.174,0,0.101,1,60,cLTP,0.101,0.174
0.304,0,0.019,1,60,cLTP,0.019,0.304
0.272,0,0.077,2,60,cLTP,0.0385,0.136
0.305,0,0.01,1,60,cLTP,0.01,0.305
0.327,0,0.185,2,60,cLTP,0.0925,0.1635
0.368,0,0.062,1,60,cLTP,0.062,0.368
0.39,0,0.105,5,60,cLTP,0.020999999999999998,0.078
0.349,1,0.115,2,60,cLTP,0.0575,0.1745
0.347,2,0.285,1,60,cLTP,0.285,0.347
0.442,0,0.15,2,60,cLTP,0.075,0.221
0.283,0,0.0559999999999999,2,60,cLTP,0.02799999999999995,0.1415
0.233,0,0.128,1,60,cLTP,0.128,0.233
0.215,0,0.0689999999999999,2,60,cLTP,0.03449999999999995,0.1075
0.165,0,0.043,1,60,cLTP,0.043,0.165
0.295,0,0.034,1,60,cLTP,0.034,0.295
0.421,2,0.125,1,60,cLTP,0.125,0.421
0.261,0,0.091,1,60,cLTP,0.091,0.261
0.26,2,0.084,1,60,cLTP,0.084,0.26
0.231,0,0.0289999999999999,1,60,cLTP,0.0289999999999999,0.231
0.221,0,0.097,1,60,cLTP,0.097,0.221
0.206,0,0.006,1,60,cLTP,0.006,0.206
0.206,0,0.013,1,60,cLTP,0.013,0.206
0.298,0,0.142,3,60,cLTP,0.04733333333333333,0.09933333333333333
0.195,0,0.043,1,60,cLTP,0.043,0.195
0.168,0,0.078,1,60,cLTP,0.078,0.168
0.297,0,0.249,1,60,cLTP,0.249,0.297
0.226,0,0.141,1,60,cLTP,0.141,0.226
0.313,0,0.187,1,60,cLTP,0.187,0.313
0.382,0,0.079,2,60,cLTP,0.0395,0.191
0.315,1,0.17,1,60,cLTP,0.17,0.315
0.361,1,0.154,1,60,cLTP,0.154,0.361
0.324,2,0.121,1,60,cLTP,0.121,0.324
0.291,0,0.018,1,60,cLTP,0.018,0.291
0.538,0,0.368,1,120,cLTP,0.368,0.538
0.402,1,0.243,2,120,cLTP,0.1215,0.201
0.36,1,0.077,2,120,cLTP,0.0385,0.18
0.218,0,0.073,1,120,cLTP,0.073,0.218
0.464,1,0.209,2,120,cLTP,0.1045,0.232
0.239,2,0.089,2,120,cLTP,0.0445,0.1195
0.354,3,0.207,3,120,cLTP,0.06899999999999999,0.118
0.401,1,0.175,2,120,cLTP,0.0875,0.2005
0.219,0,0.04,1,120,cLTP,0.04,0.219
0.4519999999999999,2,0.128,3,120,cLTP,0.042666666666666665,0.15066666666666664
0.287,0,0.146,1,120,cLTP,0.146,0.287
0.109,0,0.108,1,120,cLTP,0.108,0.109
0.527,1,0.257,1,120,cLTP,0.257,0.527
0.126,0,0.021,1,120,cLTP,0.021,0.126
0.216,0,0.042,2,120,cLTP,0.021,0.108
0.317,0,0.184,1,120,cLTP,0.184,0.317
0.419,2,0.241,3,120,cLTP,0.08033333333333333,0.13966666666666666
0.209,0,0.246,1,120,cLTP,0.246,0.209
0.121,0,0.098,1,120,cLTP,0.098,0.121
0.179,0,0.131,1,120,cLTP,0.131,0.179
0.416,2,0.349,1,120,cLTP,0.349,0.416
0.098,0,0.058,1,120,cLTP,0.058,0.098
0.448,1,0.396,2,120,cLTP,0.198,0.224
0.105,0,0.165,2,120,cLTP,0.0825,0.0525
0.122,0,0.202,1,120,cLTP,0.202,0.122
0.154,0,0.1149999999999999,2,120,cLTP,0.05749999999999995,0.077
0.204,1,0.189,3,120,cLTP,0.063,0.06799999999999999
0.176,0,0.269,1,120,cLTP,0.269,0.176
0.166,0,0.179,1,120,cLTP,0.179,0.166
0.085,2,0.145,2,120,cLTP,0.0725,0.0425
0.093,0,0.159,1,120,cLTP,0.159,0.093
0.0289999999999999,2,0.098,2,120,cLTP,0.049,0.01449999999999995
0.171,1,0.101,1,120,cLTP,0.101,0.171
0.143,0,0.226,1,120,cLTP,0.226,0.143
0.211,0,0.222,1,120,cLTP,0.222,0.211
0.1,0,0.049,2,120,cLTP,0.0245,0.05
0.068,0,0.063,2,120,cLTP,0.0315,0.034
0.135,2,0.144,2,120,cLTP,0.072,0.0675
0.13,1,0.12,1,120,cLTP,0.12,0.13
0.093,0,0.03,1,120,cLTP,0.03,0.093
0.075,1,0.146,1,120,cLTP,0.146,0.075
0.046,0,0.184,1,120,cLTP,0.184,0.046
0.15,0,0.112,1,120,cLTP,0.112,0.15
0.1,1,0.236,2,120,cLTP,0.118,0.05
0.065,0,0.056,1,120,cLTP,0.056,0.065
0.045,0,0.126,1,120,cLTP,0.126,0.045
0.255,2,0.291,3,120,cLTP,0.09699999999999999,0.085
0.202,1,0.269,1,120,cLTP,0.269,0.202
0.17,0,0.188,2,120,cLTP,0.094,0.085
0.068,0,0.111,1,120,cLTP,0.111,0.068
0.1,0,0.085,1,120,cLTP,0.085,0.1
0.135,0,0.334,1,120,cLTP,0.334,0.135
0.03,0,0.068,1,120,cLTP,0.068,0.03
0.101,2,0.181,3,120,cLTP,0.06033333333333333,0.03366666666666667
0.128,0,0.268,1,120,cLTP,0.268,0.128
0.156,0,0.302,1,120,cLTP,0.302,0.156
0.471,1,0.438,1,120,cLTP,0.438,0.471
0.132,0,0.387,1,120,cLTP,0.387,0.132
0.738,2,0.912,1,120,cLTP,0.912,0.738
0.335,1,0.457,1,120,cLTP,0.457,0.335
0.481,1,0.414,1,120,cLTP,0.414,0.481
0.33,0,0.316,1,120,cLTP,0.316,0.33
0.59,1,0.4559999999999999,2,120,cLTP,0.22799999999999995,0.295
0.282,1,0.129,3,120,cLTP,0.043000000000000003,0.09399999999999999
0.315,0,0.2299999999999999,2,120,cLTP,0.11499999999999995,0.1575
0.474,3,0.2679999999999999,4,120,cLTP,0.06699999999999998,0.1185
0.249,2,0.182,2,120,cLTP,0.091,0.1245
0.55,1,0.492,2,120,cLTP,0.246,0.275
0.178,0,0.158,2,120,cLTP,0.079,0.089
0.188,0,0.0699999999999999,2,120,cLTP,0.03499999999999995,0.094
0.141,0,0.139,1,120,cLTP,0.139,0.141
0.174,0,0.136,1,120,cLTP,0.136,0.174
0.238,0,0.225,1,120,cLTP,0.225,0.238
0.312,0,0.159,4,120,cLTP,0.03975,0.078
0.429,1,0.454,1,120,cLTP,0.454,0.429
0.201,2,0.235,2,120,cLTP,0.1175,0.1005
0.239,2,0.115,2,120,cLTP,0.0575,0.1195
0.373,1,0.254,2,120,cLTP,0.127,0.1865
0.298,0,0.213,1,120,cLTP,0.213,0.298
0.092,0,0.07,1,120,cLTP,0.07,0.092
0.105,2,0.15,2,120,cLTP,0.075,0.0525
0.264,0,0.278,1,120,cLTP,0.278,0.264
0.345,2,0.192,2,120,cLTP,0.096,0.1725
0.375,0,0.387,1,120,cLTP,0.387,0.375
0.325,1,0.244,1,120,cLTP,0.244,0.325
0.242,0,0.254,1,120,cLTP,0.254,0.242
0.33,1,0.296,1,120,cLTP,0.296,0.33
0.414,0,0.331,1,120,cLTP,0.331,0.414
0.24,1,0.232,1,120,cLTP,0.232,0.24
0.102,0,0.195,1,120,cLTP,0.195,0.102
0.382,1,0.538,1,120,cLTP,0.538,0.382
0.282,0,0.245,1,120,cLTP,0.245,0.282
0.324,1,0.077,2,120,cLTP,0.0385,0.162
0.305,2,0.143,3,120,cLTP,0.04766666666666666,0.10166666666666667
0.169,0,0.188,1,120,cLTP,0.188,0.169
0.449,3,0.621,1,120,cLTP,0.621,0.449
0.147,1,0.067,2,120,cLTP,0.0335,0.0735
0.162,0,0.082,1,120,cLTP,0.082,0.162
0.682,1,0.247,2,120,cLTP,0.1235,0.341
0.1999999999999999,2,0.257,2,120,cLTP,0.1285,0.09999999999999995
0.522,0,0.444,1,120,cLTP,0.444,0.522
0.556,1,0.41,3,120,cLTP,0.13666666666666666,0.18533333333333335
0.058,0,0.092,1,120,cLTP,0.092,0.058
0.298,2,0.228,2,120,cLTP,0.114,0.149
0.122,2,0.098,1,120,cLTP,0.098,0.122
0.274,0,0.246,2,120,cLTP,0.123,0.137
0.351,1,0.215,1,120,cLTP,0.215,0.351
0.383,1,0.258,1,120,cLTP,0.258,0.383
0.303,1,0.475,1,120,cLTP,0.475,0.303
0.109,2,0.143,1,120,cLTP,0.143,0.109
0.122,0,0.094,1,120,cLTP,0.094,0.122
0.2019999999999999,2,0.1788,2,120,cLTP,0.0894,0.10099999999999995
0.173,0,0.064,1,120,cLTP,0.064,0.173
0.122,0,0.018,1,120,cLTP,0.018,0.122
0.268,0,0.078,2,120,cLTP,0.039,0.134
0.264,0,0.186,2,120,cLTP,0.093,0.132
0.183,0,0.152,1,120,cLTP,0.152,0.183
0.219,0,0.101,2,120,cLTP,0.0505,0.1095
0.192,0,0.242,1,120,cLTP,0.242,0.192
0.137,0,0.099,1,120,cLTP,0.099,0.137
0.112,0,0.155,1,120,cLTP,0.155,0.112
0.45,0,0.495,1,120,cLTP,0.495,0.45
0.252,2,0.194,2,120,cLTP,0.097,0.126
0.6719999999999999,1,0.674,2,120,cLTP,0.337,0.33599999999999997
0.403,1,0.48,1,120,cLTP,0.48,0.403
0.29,0,0.155,2,120,cLTP,0.0775,0.145
0.336,1,0.064,2,120,cLTP,0.032,0.168
0.639,1,0.344,2,120,cLTP,0.172,0.3195
0.231,0,0.1619999999999999,2,120,cLTP,0.08099999999999995,0.1155
0.271,0,0.242,1,120,cLTP,0.242,0.271
0.21,0,0.261,1,120,cLTP,0.261,0.21
0.276,1,0.057,2,120,cLTP,0.0285,0.138
0.179,0,0.235,1,120,cLTP,0.235,0.179
0.207,0,0.052,2,120,cLTP,0.026,0.1035
0.506,0,0.432,1,120,cLTP,0.432,0.506
0.285,0,0.132,1,120,cLTP,0.132,0.285
0.678,1,0.701,2,120,cLTP,0.3505,0.339
0.247,0,0.222,1,120,cLTP,0.222,0.247
0.098,0,0.137,2,120,cLTP,0.0685,0.049
0.217,0,0.085,2,120,cLTP,0.0425,0.1085
0.284,1,0.286,3,120,cLTP,0.09533333333333333,0.09466666666666666
0.362,1,0.118,4,120,cLTP,0.0295,0.0905
0.1159999999999999,2,0.0008,1,120,cLTP,0.0008,0.1159999999999999
0.083,2,0.088,1,120,cLTP,0.088,0.083
0.472,1,0.565,3,120,cLTP,0.18833333333333332,0.15733333333333333
0.163,0,0.155,1,120,cLTP,0.155,0.163
0.117,0,0.088,1,120,cLTP,0.088,0.117
0.078,0,0.017,1,120,cLTP,0.017,0.078
0.145,2,0.125,2,120,cLTP,0.0625,0.0725
0.278,1,0.356,2,120,cLTP,0.178,0.139
0.136,0,0.056,1,120,cLTP,0.056,0.136
0.1149999999999999,2,0.031,2,120,cLTP,0.0155,0.05749999999999995
0.113,0,0.353,1,120,cLTP,0.353,0.113
0.175,0,0.111,2,120,cLTP,0.0555,0.0875
0.426,2,0.191,2,120,cLTP,0.0955,0.213
0.336,2,0.047,2,120,cLTP,0.0235,0.168
0.596,1,0.281,1,120,cLTP,0.281,0.596
0.353,1,0.064,2,120,cLTP,0.032,0.1765
0.276,0,0.111,2,120,cLTP,0.0555,0.138
0.264,0,0.218,1,120,cLTP,0.218,0.264
0.412,0,0.3,5,120,cLTP,0.06,0.0824
0.267,0,0.148,3,120,cLTP,0.04933333333333333,0.08900000000000001
0.186,0,0.048,1,120,cLTP,0.048,0.186
0.275,0,0.009,1,120,cLTP,0.009,0.275
0.106,0,0.091,1,120,cLTP,0.091,0.106
0.269,0,0.093,3,120,cLTP,0.031,0.08966666666666667
0.212,0,0.003,1,120,cLTP,0.003,0.212
0.185,0,0.053,2,120,cLTP,0.0265,0.0925
0.151,0,0.012,1,120,cLTP,0.012,0.151
0.265,0,0.0419999999999999,2,120,cLTP,0.02099999999999995,0.1325
0.137,0,0.04,1,120,cLTP,0.04,0.137
0.172,2,0.094,3,120,cLTP,0.03133333333333333,0.057333333333333326
0.136,0,0.052,1,120,cLTP,0.052,0.136
0.28,1,0.242,2,120,cLTP,0.121,0.14
0.126,0,0.057,1,120,cLTP,0.057,0.126
0.178,0,0.091,2,120,cLTP,0.0455,0.089
0.124,0,0.105,1,120,cLTP,0.105,0.124
0.182,0,0.115,1,120,cLTP,0.115,0.182
0.12,2,0.065,3,120,cLTP,0.021666666666666667,0.04
0.314,2,0.133,2,120,cLTP,0.0665,0.157
0.106,0,0.096,2,120,cLTP,0.048,0.053
0.14,0,0.025,1,120,cLTP,0.025,0.14
0.098,0,0.06,1,120,cLTP,0.06,0.098
0.168,0,0.047,1,120,cLTP,0.047,0.168
0.087,0,0.06,1,120,cLTP,0.06,0.087
0.1,0,0.061,1,120,cLTP,0.061,0.1
0.254,1,0.294,1,120,cLTP,0.294,0.254
0.127,0,0.15,1,120,cLTP,0.15,0.127
0.207,0,0.094,1,120,cLTP,0.094,0.207
0.352,0,0.204,1,120,cLTP,0.204,0.352
0.298,3,0.2299999999999999,2,120,cLTP,0.11499999999999995,0.149
0.131,0,0.182,1,120,cLTP,0.182,0.131
0.18,0,0.016,1,120,cLTP,0.016,0.18
0.094,2,0.166,2,120,cLTP,0.083,0.047
0.3239999999999999,2,0.107,2,120,cLTP,0.0535,0.16199999999999995
0.272,0,0.204,2,120,cLTP,0.102,0.136
0.087,0,0.211,1,120,cLTP,0.211,0.087
0.117,0,0.154,1,120,cLTP,0.154,0.117
0.107,2,0.151,2,120,cLTP,0.0755,0.0535
0.054,2,0.106,2,120,cLTP,0.053,0.027
0.314,2,0.084,1,120,cLTP,0.084,0.314
0.099,0,0.016,1,120,cLTP,0.016,0.099
0.125,0,0.01,1,120,cLTP,0.01,0.125
0.14,0,0.066,1,120,cLTP,0.066,0.14
0.154,0,0.0042,1,120,cLTP,0.0042,0.154
0.112,0,0.061,1,120,cLTP,0.061,0.112
0.136,2,0.052,1,120,cLTP,0.052,0.136
0.154,2,0.199,2,120,cLTP,0.0995,0.077
0.145,0,0.074,2,120,cLTP,0.037,0.0725
0.548,1,0.102,1,120,cLTP,0.102,0.548
